ID;Denominazione;ASL;Indirizzo;CAP;Comune;Provincia;Telefono;Email;Aperta_Weekend_Festivi;Data_Aggiornamento_Scheda;Dimensione_Scheda;Link_PDF_Ufficiale;Latitudine;Longitudine;Fonte
1;Eroi;ASL Roma 1;via Frà Albenzio, 10 - 00136 Roma;00136;Roma;RM;06 6010 5418;;No;10/03/2026;629KB;https://minio-vra-prod.servicelazio.it/fse-prod-001-bucket/6867804d509b83ff304fc5f7-application-af107743-3224-441f-b64a-8957e0bcbb41.pdf;41.907897878864;12.44842373754;Salute Lazio (salutelazio.it)
2;Montespaccato;ASL Roma 1;via Cosimo Tornabuoni, 50 - 00166 Roma;00166;Roma;RM;06 6010 5115;;Sì;10/03/2026;623KB;https://minio-vra-prod.servicelazio.it/fse-prod-001-bucket/6867804d509b83ff304fc5f7-application-2ed4c681-9e15-4b45-b671-1944bae71c94.pdf;41.90282150252;12.391549056577;Salute Lazio (salutelazio.it)
3;Valle Aurelia;ASL Roma 1;via di Valle Aurelia, 115/a - 00167 Roma;00167;Roma;RM;06 6010 5115;;Sì;10/03/2026;620KB;https://minio-vra-prod.servicelazio.it/fse-prod-001-bucket/6867804d509b83ff304fc5f7-application-f22f99de-0769-42f2-92ea-201aa46421d4.pdf;41.904746111475;12.437136027741;Salute Lazio (salutelazio.it)
4;Nomentano;ASL Roma 1;Circonvallazione Nomentana, 498 - 00162 Roma;00162;Roma;RM;06 6010 5046;;Sì;10/03/2026;391KB;https://minio-vra-prod.servicelazio.it/fse-prod-001-bucket/6867804d509b83ff304fc5f7-application-86af4a08-0244-4c7e-a987-a3001183fd4e.pdf;41.912113489359;12.5279026124;Salute Lazio (salutelazio.it)
5;Casalotti;ASL Roma 1;via di Boccea, 625 - 00166 Roma;00166;Roma;RM;06 6010 5115;;No;10/03/2026;673KB;https://minio-vra-prod.servicelazio.it/fse-prod-001-bucket/6867804d509b83ff304fc5f7-application-8abf0ac7-719f-436e-83fa-9128f13379db.pdf;41.92006874727;12.376322297059;Salute Lazio (salutelazio.it)
6;Vigne Nuove;ASL Roma 1;via Dina Galli, 3 - 00139 Roma;00139;Roma;RM;;puadistretto3@aslroma1.it;No;10/03/2026;661KB;https://minio-vra-prod.servicelazio.it/fse-prod-001-bucket/6867804d509b83ff304fc5f7-application-0e454414-cdf6-4021-9772-53d3543e4d59.pdf;41.955559963419;12.532852456522;Salute Lazio (salutelazio.it)
7;Primavalle;ASL Roma 1;piazza San Zaccaria Papa, 1 - 00168 Roma;00168;Roma;RM;06 6010 6805;;Sì;13/04/2026;403KB;https://minio-vra-prod.servicelazio.it/fse-prod-001-bucket/6867804d509b83ff304fc5f7-application-1fa4b6e7-2876-4522-9461-62ca211c38c8.pdf;41.916581491144;12.414278881717;Salute Lazio (salutelazio.it)
8;Santa Maria della Pietà;ASL Roma 1;Piazza Santa Maria della Pietà, 5 - 00135 Roma;00135;Roma;RM;06 6010 6805;;Sì;13/04/2026;423KB;https://minio-vra-prod.servicelazio.it/fse-prod-001-bucket/6867804d509b83ff304fc5f7-application-701cf79f-b07a-404e-b674-e07352bdca36.pdf;41.916581491144;12.414321797059;Salute Lazio (salutelazio.it)
9;Montesacro;ASL Roma 1;via Lampedusa, 23/27 - 000141 Roma;;Roma;RM;06 6010 5752;;Sì;13/04/2026;914KB;https://minio-vra-prod.servicelazio.it/fse-prod-001-bucket/6867804d509b83ff304fc5f7-application-4fc77d1a-fccc-40ad-90df-fe6598ed35ee.pdf;41.943401794459;12.536461454731;Salute Lazio (salutelazio.it)
10;Boccea;ASL Roma 1;via Val Cannuta,12 - 00167 Roma;00167;Roma;RM;06 6010 5115;;Sì;09/07/2026;401KB;https://minio-vra-prod.servicelazio.it/fse-prod-001-bucket/6867804d509b83ff304fc5f7-application-247fe9c6-35e5-4469-9dd7-02acd519f8ce.pdf;41.903088990291;12.415717006953;Salute Lazio (salutelazio.it)
11;Cesano;ASL Roma 1;via della Stazione di Cesano, 423 - 00123 Roma;00123;Roma;RM;06 6010 6151;;No;13/07/2026;340KB;https://minio-vra-prod.servicelazio.it/fse-prod-001-bucket/6867804d509b83ff304fc5f7-application-4312970e-35a9-4409-ae98-d9a5e7100bb9.pdf;42.068705967142;12.332234335801;Salute Lazio (salutelazio.it)
12;San Lorenzo;ASL Roma 1;via dei Frentani, 6 - 00185 Roma;00185;Roma;RM;06 6010 5533;;No;13/07/2026;458KB;https://minio-vra-prod.servicelazio.it/fse-prod-001-bucket/6867804d509b83ff304fc5f7-application-0ccb8a48-2af2-4477-a1e2-17eca70d3b7d.pdf;41.900765466854;12.509415110654;Salute Lazio (salutelazio.it)
13;Canova;ASL Roma 1;via Antonio Canova,19 - 00186 Roma;00186;Roma;RM;06 6010 6108;;No;13/07/2026;306KB;https://minio-vra-prod.servicelazio.it/fse-prod-001-bucket/6867804d509b83ff304fc5f7-application-f67fa7aa-4427-4eb2-82d7-74bba376da0f.pdf;41.907429425922;12.476760595311;Salute Lazio (salutelazio.it)
14;Esquilino;ASL Roma 1;via Luigi Luzzatti, 8 - 00185 Roma;00185;Roma;RM;06 6010 5254;;Sì;13/07/2026;374KB;https://minio-vra-prod.servicelazio.it/fse-prod-001-bucket/6867804d509b83ff304fc5f7-application-73b74871-5990-4d22-93f3-b4ff947ddb43.pdf;41.892335429269;12.510069310654;Salute Lazio (salutelazio.it)
15;Coppedè;ASL Roma 1;ASL Roma1 - via Tagliamento, 19 - 00198 Roma;00198;Roma;RM;06 6010 5891;;Sì;;;;41.919596001571;12.501759895312;Salute Lazio (salutelazio.it)
16;Nuovo Regina Margherita;ASL Roma 1;via Roma Libera, 76 - 00153 Roma;00153;Roma;RM;06 6010 6484;;Sì;27/07/2026;410KB;https://minio-vra-prod.servicelazio.it/fse-prod-001-bucket/6867804d509b83ff304fc5f7-application-0b23e14b-a604-456b-9061-cebc346d1ac6.pdf;;;Salute Lazio (salutelazio.it)
17;IMRE;ASL Roma 1;viale Angelico, 28 - 00195 Roma;00195;Roma;RM;06 6010 5418;;No;27/07/2026;375KB;https://minio-vra-prod.servicelazio.it/fse-prod-001-bucket/6867804d509b83ff304fc5f7-application-589eabd7-e0eb-4a79-a319-1a40f7dc93f4.pdf;;;Salute Lazio (salutelazio.it)
18;Bufalotta;ASL Roma 1;via Paolo Monelli, 28 - 00139 Roma;00139;Roma;RM;06 6010 5752;;No;27/07/2026;348KB;https://minio-vra-prod.servicelazio.it/fse-prod-001-bucket/6867804d509b83ff304fc5f7-application-1695e99d-269f-4eb8-b2f0-e4188c25c19e.pdf;;;Salute Lazio (salutelazio.it)
19;Antistio;ASL Roma 2;via Antistio, 15 - 00174 Roma;00174;Roma;RM;06 5100 5026;;Sì;10/03/2026;2MB;https://minio-vra-prod.servicelazio.it/fse-prod-001-bucket/6867804d509b83ff304fc5f7-application-1348e8ac-4a61-4bb0-b2c4-734a84c3a371.pdf;41.851809737172;12.566729412397;Salute Lazio (salutelazio.it)
20;San Nemesio;ASL Roma 2;via San Nemesio, 21 - 00145 Roma;00145;Roma;RM;06 5100 3738;;No;10/03/2026;2MB;https://minio-vra-prod.servicelazio.it/fse-prod-001-bucket/6867804d509b83ff304fc5f7-application-cf77bd59-2b55-4865-b4a9-69b9c4ed42c6.pdf;41.858453087122;12.486958983562;Salute Lazio (salutelazio.it)
21;San Felice;ASL Roma 2;via Degli Eucalipti, 14 - 00172 Roma;00172;Roma;RM;;;Sì;10/03/2026;538KB;https://minio-vra-prod.servicelazio.it/fse-prod-001-bucket/6867804d509b83ff304fc5f7-application-5034fe19-6b26-4bda-91fa-9a4b6f3b1614.pdf;41.876584355209;12.56711957723;Salute Lazio (salutelazio.it)
22;La Rustica;ASL Roma 2;via della Rustica, 218 - 00155 Roma;00155;Roma;RM;;;No;10/03/2026;508KB;https://minio-vra-prod.servicelazio.it/fse-prod-001-bucket/6867804d509b83ff304fc5f7-application-f6fb53fd-369a-4feb-a8f4-17a71b3cb3e9.pdf;41.912156184649;12.607479139388;Salute Lazio (salutelazio.it)
23;Frantoio;ASL Roma 2;via del Frantoio, 44 - 00159 Roma;00159;Roma;RM;06 4143 4507;;No;10/03/2026;1MB;https://minio-vra-prod.servicelazio.it/fse-prod-001-bucket/6867804d509b83ff304fc5f7-application-1c93ea13-b39a-4ee1-a051-e0073b627ab9.pdf;41.912349852354;12.560838839388;Salute Lazio (salutelazio.it)
24;Averle;ASL Roma 2;via delle Averle, 6 - 00169 Roma;00169;Roma;RM;06 5100 3738;;No;10/03/2026;4MB;https://minio-vra-prod.servicelazio.it/fse-prod-001-bucket/6867804d509b83ff304fc5f7-application-78ef1f0c-4108-4855-8ff0-71b562e25774.pdf;41.87405580357;12.600002112398;Salute Lazio (salutelazio.it)
25;Bresadola;ASL Roma 2;via G. Bresadola, 56 - 00171 Roma;00171;Roma;RM;06 5100 7601;;No;10/03/2026;535KB;https://minio-vra-prod.servicelazio.it/fse-prod-001-bucket/6867804d509b83ff304fc5f7-application-8254a578-4323-480c-a044-29b2a91da05f.pdf;41.892870447118;12.561262124045;Salute Lazio (salutelazio.it)
26;Morena;ASL Roma 2;via della Stazione di Ciampino, 31 - 00118 Roma;00118;Roma;RM;06 4143 2041;;No;10/03/2026;896KB;https://minio-vra-prod.servicelazio.it/fse-prod-001-bucket/6867804d509b83ff304fc5f7-application-a7eb4bf0-7682-4dfe-9b19-6f7f28b72cc5.pdf;41.813163323723;12.617843415002;Salute Lazio (salutelazio.it)
27;Santa Caterina;ASL Roma 2;via N. Forteguerri, 4 - 00176 Roma;00176;Roma;RM;06 4143 5549;;Sì;21/04/2026;1022KB;https://minio-vra-prod.servicelazio.it/fse-prod-001-bucket/6867804d509b83ff304fc5f7-application-19d0a427-379d-4a9f-98fe-58b30cdf171c.pdf;41.891612;12.539671;Salute Lazio (salutelazio.it)
28;Appio Claudio;ASL Roma 2;via Cartagine, 85 - 00174 Roma;00174;Roma;RM;06 4143 5065;;No;21/04/2026;1009KB;https://minio-vra-prod.servicelazio.it/fse-prod-001-bucket/6867804d509b83ff304fc5f7-application-f3881c7a-6868-47d7-a520-fc699e5524af.pdf;41.859851139835;12.551158354727;Salute Lazio (salutelazio.it)
29;Casale de Merode - Tor Marancia;ASL Roma 2;via del Casale de Merode, 8 - 00147 Roma;00147;Roma;RM;;;Sì;26/03/2026;991KB;https://minio-vra-prod.servicelazio.it/fse-prod-001-bucket/6867804d509b83ff304fc5f7-application-7ab41b60-29a1-49a7-a6a2-f211dd32f976.pdf;41.857808261409;12.504883368221;Salute Lazio (salutelazio.it)
30;Monza;ASL Roma 2;via Monza, 2 - 00182 Roma;00182;Roma;RM;06 4143 5065;;No;26/03/2026;2MB;https://minio-vra-prod.servicelazio.it/fse-prod-001-bucket/6867804d509b83ff304fc5f7-application-cea9aece-a78d-4b0d-b966-d839074b425d.pdf;41.885951018382;12.515031297057;Salute Lazio (salutelazio.it)
31;Decima - Torrino;ASL Roma 2;viale Camillo Sabatini snc - 00144 Roma;00144;Roma;RM;;;Sì;26/03/2026;1MB;https://minio-vra-prod.servicelazio.it/fse-prod-001-bucket/6867804d509b83ff304fc5f7-application-eb9cbb7f-8595-4e4b-8246-41273065ace4.pdf;41.820808130597;12.443076027738;Salute Lazio (salutelazio.it)
32;Malfante - Navigatori;ASL Roma 2;via Antonio Malfante, 35 - 00147 Roma;00147;Roma;RM;;;No;03/04/2026;900KB;https://minio-vra-prod.servicelazio.it/fse-prod-001-bucket/6867804d509b83ff304fc5f7-application-d3d3b0ee-4801-4d90-955c-3fd3a615562f.pdf;41.861363993528;12.500275060929;Salute Lazio (salutelazio.it)
33;Pietralata;ASL Roma 2;via di Pietralata, 497 - 00158 Roma;00158;Roma;RM;;;No;03/04/2026;1MB;https://minio-vra-prod.servicelazio.it/fse-prod-001-bucket/6867804d509b83ff304fc5f7-application-26b21662-47c3-40e2-b5e1-35096690c367.pdf;41.91743300651;12.555187083565;Salute Lazio (salutelazio.it)
34;Fonte Ostiense - Laurentino;ASL Roma 2;via Giuseppe Marotta, 5 - 0143 Roma;;Roma;RM;;pua.distretto9@aslroma2.it;No;13/04/2026;858KB;https://minio-vra-prod.servicelazio.it/fse-prod-001-bucket/68545522509b83ff30526a2a-application-3be6bfd9-69b3-4a02-8a03-290348f03fd1.pdf;41.815016703163;12.481972851126;Salute Lazio (salutelazio.it)
35;Bonifacio;ASL Roma 2;via Francesco Paolo Bonifacio, snc – 00156 Roma;00156;Roma;RM;06 4143 4507;;No;13/04/2026;853KB;https://minio-vra-prod.servicelazio.it/fse-prod-001-bucket/6867804d509b83ff304fc5f7-application-29589102-450c-4918-9593-0c95023d6a18.pdf;41.952606093535;12.581934654731;Salute Lazio (salutelazio.it)
36;Torrenova;ASL Roma 2;via della Tenuta di Torrenova, 138 – 00133 Roma;00133;Roma;RM;06 4143 4760;;No;13/04/2026;964KB;https://minio-vra-prod.servicelazio.it/fse-prod-001-bucket/6867804d509b83ff304fc5f7-application-0f681168-479b-4cb3-88fd-d6a61ce67371.pdf;41.858948641414;12.621076870069;Salute Lazio (salutelazio.it)
37;Tiburtino III;ASL Roma 2;via Mozart, 25 - 00159 Roma;00159;Roma;RM;06 4143 4507;;No;02/07/2026;1MB;https://minio-vra-prod.servicelazio.it/fse-prod-001-bucket/6867804d509b83ff304fc5f7-application-70d1760e-d013-4f97-ac98-0a38d738dfcb.pdf;41.912076437145;12.5637632124;Salute Lazio (salutelazio.it)
38;Lunghezza;ASL Roma 2;via Tommaso Agudio, 5 - 00132 Roma;00132;Roma;RM;064143 6411;;No;02/07/2026;784KB;https://minio-vra-prod.servicelazio.it/fse-prod-001-bucket/6867804d509b83ff304fc5f7-application-9e78e8a0-b8f3-4ff4-b015-aebae719a797.pdf;41.923820127851;12.670232981717;Salute Lazio (salutelazio.it)
39;Villa Tiburtina;ASL Roma 2;Via Casal dei Pazzi, 16 - 00156 Roma;00156;Roma;RM;06 4143 4507;;No;02/07/2026;919KB;https://minio-vra-prod.servicelazio.it/fse-prod-001-bucket/6867804d509b83ff304fc5f7-application-c2be020e-5978-4ea9-8b52-769f4d547426.pdf;41.925246835996;12.571427355955;Salute Lazio (salutelazio.it)
40;Villaggio Prenestino;ASL Roma 2;via di Torricella Sicura, 4 - 00132 Roma;00132;Roma;RM;06 5100 6474;;No;02/07/2026;1MB;https://minio-vra-prod.servicelazio.it/fse-prod-001-bucket/6867804d509b83ff304fc5f7-application-365abd0c-dbed-4c94-a2bf-d55a143a3f66.pdf;41.895205667672;12.689431681716;Salute Lazio (salutelazio.it)
41;Sant'Agostino;ASL Roma 3;Lungomare Paolo Toscanelli, 230 – 00121 Ostia;00121;Roma;RM;;;Sì;10/06/2026;1010KB;https://minio-vra-prod.servicelazio.it/fse-prod-001-bucket/6867804d509b83ff304fc5f7-application-b76e2a4d-1b6e-47f7-9e52-be215e998d66.pdf;41.73317591272;12.266836827734;Salute Lazio (salutelazio.it)
42;Acilia;ASL Roma 3;via Casal Bernocchi, 611 - 00125 Roma;00125;Roma;RM;;;Sì;10/06/2026;1MB;https://minio-vra-prod.servicelazio.it/fse-prod-001-bucket/6867804d509b83ff304fc5f7-application-5d162a9b-df61-4b78-a153-382de8057874.pdf;41.784770485604;12.38010114141;Salute Lazio (salutelazio.it)
43;Bravetta;ASL Roma 3;via della Consolata, 52 - Roma - 00164 Roma - Numero verde URP 800 018 972;00164;Roma;RM;;;No;23/06/2026;691KB;https://minio-vra-prod.servicelazio.it/fse-prod-001-bucket/685407d5509b83ff303fab45-application-af49b47f-d29d-4fc5-8966-f120b8a981f3.pdf;41.87725383631;12.421721598905;Salute Lazio (salutelazio.it)
44;Magliana;ASL Roma 3;via Vaiano, 53 – 00146 Roma;00146;Roma;RM;06 56485219;;No;23/06/2026;800KB;https://minio-vra-prod.servicelazio.it/fse-prod-001-bucket/685407d5509b83ff303fab45-application-ae3e56c8-5be6-488a-94d1-7a73564038c5.pdf;41.844909011014;12.461498883562;Salute Lazio (salutelazio.it)
45;Corviale;ASL Roma 3;via Largo Emilio Quadrelli, 5 - 00148 Roma;00148;Roma;RM;;pua.distretto11@aslroma3.it;No;14/07/2026;1MB;https://minio-vra-prod.servicelazio.it/fse-prod-001-bucket/68540a0e509b83ff30405dab-application-3529d4ef-838a-4b37-8eeb-ac52eff2be1e.pdf;41.848815155329;12.410843979964;Salute Lazio (salutelazio.it)
46;Ponte Galeria;ASL Roma 3;via Portuense, 1397 - 00148 Roma;00148;Roma;RM;;pua.distretto11@aslroma3.it;Sì;13/07/2026;2MB;https://minio-vra-prod.servicelazio.it/fse-prod-001-bucket/6867804d509b83ff304fc5f7-application-d566a746-ec4c-4559-a366-3ba5eb17a7fa.pdf;41.820337900068;12.350386639484;Salute Lazio (salutelazio.it)
47;San Tommaso;ASL Roma 3;via Lino Liviabella, 70 - Roma;;Roma;RM;06 56 481;;Non specificato;27/07/2026;29MB;https://minio-vra-prod.servicelazio.it/fse-prod-001-bucket/6867804d509b83ff304fc5f7-application-d96db2d9-8c2d-4097-9c36-916db8e3750f.pdf;;;Salute Lazio (salutelazio.it)
48;Campagnano;ASL Roma 4;via Adriano I, 23 - 00063 Campagnano di Roma (RM);00063;Campagnano di Roma;RM;;;Sì;10/06/2026;172KB;https://minio-vra-prod.servicelazio.it/fse-prod-001-bucket/6867804d509b83ff304fc5f7-application-a3848aa2-64fe-4865-a3de-7284c55c0132.pdf;42.139015372725;12.382558397069;Salute Lazio (salutelazio.it)
49;Cerveteri;ASL Roma 4;via Madre Maria Crocifissa Curcio, 1 - 00052 Cerveteri (RM);00052;Cerveteri;RM;069 666 9713;;No;25/06/2026;989KB;https://minio-vra-prod.servicelazio.it/fse-prod-001-bucket/6867804d509b83ff304fc5f7-application-69f365a9-e9fc-47b6-abeb-789594499d45.pdf;41.999626741246;12.101962468227;Salute Lazio (salutelazio.it)
50;Ladispoli;ASL Roma 4;via Aurelia Km 41.5 - 00055 Ladispoli (RM);00055;Ladispoli;RM;069 666 9391;;Non specificato;25/06/2026;679KB;https://minio-vra-prod.servicelazio.it/fse-prod-001-bucket/6867804d509b83ff304fc5f7-application-ef37069c-49d4-42d1-b08f-0b0ee15c5119.pdf;41.970322214511;12.080901424049;Salute Lazio (salutelazio.it)
51;Capena;ASL Roma 4;Via Monte Travicello 2 - 00060 Capena;00060;Capena;RM;06 9666 9838;;Sì;;;;42.1385423;12.4736618;Salute Lazio (salutelazio.it)
52;Civitavecchia;ASL Roma 4;Viale Lazio, 34/B - 00053- Civitavecchia (RM);00053;Civitavecchia;RM;;;Sì;;;;;;Salute Lazio (salutelazio.it)
53;Magliano Romano;ASL Roma 4;Via dell'ospedale, snc- 00060 - Magliano Romano;00060;Magliano Romano;RM;;;Non specificato;;;;;;Salute Lazio (salutelazio.it)
54;Palombara Sabina;ASL Roma 5;via Eusebio Possenti, 22 - 00018 Palombara Sabina (RM);00018;Palombara Sabina;RM;0774 779 618;;Sì;28/04/2026;986KB;https://minio-vra-prod.servicelazio.it/fse-prod-001-bucket/6867804d509b83ff304fc5f7-application-77de425f-90b1-48b2-b77d-70897190ccfe.pdf;42.068897389033;12.764364856584;Salute Lazio (salutelazio.it)
55;Guidonia Montecelio;ASL Roma 5;Località Colle Rosa snc – 00012 Guidonia Montecelio (RM);00012;Guidonia Montecelio;RM;0774 779 796;;No;20/07/2026;799KB;https://minio-vra-prod.servicelazio.it/fse-prod-001-bucket/6867804d509b83ff304fc5f7-application-94282a9a-7306-4fe5-ab71-9947705d035b.pdf;41.985524;12.6124039;Salute Lazio (salutelazio.it)
56;Artena;ASL Roma 5;via Alessandro Fleming (angolo Via Toscana) – 00031 Artena (RM);00031;Artena;RM;06 9722 3780;;No;20/07/2026;643KB;https://minio-vra-prod.servicelazio.it/fse-prod-001-bucket/6867804d509b83ff304fc5f7-application-bc5ca8da-7831-41d2-a717-37a0b7b8894c.pdf;41.744313432804;12.909172452971;Salute Lazio (salutelazio.it)
57;Carpineto Romano;ASL Roma 5;via Giacomo Matteotti, 1 – 00032 Carpineto Romano (RM);00032;Carpineto Romano;RM;06/97206778;;Non specificato;20/07/2026;643KB;https://minio-vra-prod.servicelazio.it/fse-prod-001-bucket/6867804d509b83ff304fc5f7-application-fa6887c7-9973-406c-b44b-ecb83bfb026c.pdf;41.604583097563;13.086709866454;Salute Lazio (salutelazio.it)
58;Colleferro;ASL Roma 5;via degli Esplosivi, snc – 00034 Colleferro (RM);00034;Colleferro;RM;06 9709 7548;;No;20/07/2026;674KB;https://minio-vra-prod.servicelazio.it/fse-prod-001-bucket/6867804d509b83ff304fc5f7-application-b1d2dcf8-f7b4-4e4f-a5be-3c5207b67f6e.pdf;;;Salute Lazio (salutelazio.it)
59;Gorga;ASL Roma 5;via Filippo Turati, 74 – 00030 Gorga (RM);00030;Gorga;RM;06 9720 6767;;No;20/07/2026;595KB;https://minio-vra-prod.servicelazio.it/fse-prod-001-bucket/6867804d509b83ff304fc5f7-application-0a51de8b-4d03-495d-be63-7c9ddc836933.pdf;41.655717192792;13.106924337622;Salute Lazio (salutelazio.it)
60;Valmontone;ASL Roma 5;via Porta Napoletana, 8 – 00038 Valmontone (RM);00038;Valmontone;RM;06 9722 3628;;Sì;21/07/2026;575KB;https://minio-vra-prod.servicelazio.it/fse-prod-001-bucket/6867804d509b83ff304fc5f7-application-1ed5fb35-02cf-4988-bf11-bde90fbf9774.pdf;41.775367489874;12.921758408794;Salute Lazio (salutelazio.it)
61;Fonte Nuova;ASL Roma 5;via IV Novembre, 4 – 00013 Fonte Nuova (RM);00013;Fonte Nuova;RM;06 90093587;;No;;;;41.996331134298;12.618909010793;Salute Lazio (salutelazio.it)
62;Subiaco;ASL Roma 5;Largo Mazzini, 5 - 00028 Subiaco (RM);00028;Subiaco;RM;0774 8115035;;No;12/05/2026;657KB;https://minio-vra-prod.servicelazio.it/fse-prod-001-bucket/6867804d509b83ff304fc5f7-application-f4f9a890-7994-49b6-bcf1-8dae1ee6ecb2.pdf;41.924538591677;13.09196265473;Salute Lazio (salutelazio.it)
63;Arsoli;ASL Roma 5;via dei Massimo, 1 – 00023 Arsoli (RM);00023;Arsoli;RM;;;No;17/08/2026;472KB;https://minio-vra-prod.servicelazio.it/fse-prod-001-bucket/6867804d509b83ff304fc5f7-application-f203aa36-728e-4852-bd30-f4efc4b33f05.pdf;42.04210241698;13.01776103765;Salute Lazio (salutelazio.it)
64;Bellegra;ASL Roma 5;viale Ungheria snc – 00030 Bellegra (RM);00030;Bellegra;RM;0774 811 5340;;No;17/08/2026;533KB;https://minio-vra-prod.servicelazio.it/fse-prod-001-bucket/6867804d509b83ff304fc5f7-application-2fd1bd5c-343e-4aba-a35b-51cc8006c09c.pdf;41.8339619;12.8844692;Salute Lazio (salutelazio.it)
65;Tivoli;ASL Roma 5;Piazza Massimo,1 - 00019 Tivoli (RM);00019;Tivoli;RM;077 470 4772;;Sì;12/05/2026;680KB;https://minio-vra-prod.servicelazio.it/fse-prod-001-bucket/6867804d509b83ff304fc5f7-application-f4318a28-4ab9-43a5-bdb0-104429a74740.pdf;41.965201852439;12.800967612403;Salute Lazio (salutelazio.it)
66;Castel Madama;ASL Roma 5;via Pio la Torre, snc – 00024 Cas;00024;Cas;RM;077 444 8872;;No;21/07/2026;569KB;https://minio-vra-prod.servicelazio.it/fse-prod-001-bucket/6867804d509b83ff304fc5f7-application-388515f9-ce88-45aa-b2c1-3791eb442dc6.pdf;41.972679630901;12.866929939495;Salute Lazio (salutelazio.it)
67;Ciciliano;ASL Roma 5;viale Santa Liberata, snc – 00020 Ciciliano (RM);00020;Ciciliano;RM;077 4316 4372;;No;;;;;;Salute Lazio (salutelazio.it)
68;Palestrina;ASL Roma 5;via Porta San Martino, 38 – 00036 Palestrina (RM);00036;Palestrina;RM;069 532 2601;;Sì;;;;41.840706173323;12.887603795307;Salute Lazio (salutelazio.it)
69;Cave;ASL Roma 5;via Morino, 33 – 00033 Cave (RM);00033;Cave;RM;069 532 2304;;No;;;;41.814015112699;12.932939351126;Salute Lazio (salutelazio.it)
70;Zagarolo;ASL Roma 5;Borgo San Martino, 3 – 00039 Zagarolo (RM);00039;Zagarolo;RM;069 532 2812;;No;22/06/2026;969KB;https://minio-vra-prod.servicelazio.it/fse-prod-001-bucket/68540a0e509b83ff30405dab-application-cd07f6da-4c3a-4fa4-a75f-c6965a2d28cf.pdf;41.841064271066;12.828769593038;Salute Lazio (salutelazio.it)
71;Genazzano;ASL Roma 5;via Antonio Andreani, 2 – 00030 Genazzano (RM);00030;Genazzano;RM;069 532 2008;;No;;;;41.830345151671;12.972482693455;Salute Lazio (salutelazio.it)
72;San Vito Romano;ASL Roma 5;via Guido Baccelli snc – 00030 San Vito Romano (RM);00030;San Vito Romano;RM;069 532 2050;;No;;;;41.881387053908;12.980708343868;Salute Lazio (salutelazio.it)
73;Frascati;ASL Roma 6;via Enrico Fermi, 2 - 00044 Frascati (RM);00044;Frascati;RM;06 9327 4421;;Sì;28/07/2026;340KB;https://minio-vra-prod.servicelazio.it/fse-prod-001-bucket/6867804d509b83ff304fc5f7-application-49e760f7-6d62-4c06-8506-453da2639f54.pdf;;;Salute Lazio (salutelazio.it)
74;Ciampino;ASL Roma 6;via Mario Calò, 5 - 00043 Ciampino (RM);00043;Ciampino;RM;06 9327 5588;;No;13/04/2026;250KB;https://minio-vra-prod.servicelazio.it/fse-prod-001-bucket/6867804d509b83ff304fc5f7-application-beafabbe-3b66-4b8a-af66-956e194f22a2.pdf;41.805381819687;12.602841585408;Salute Lazio (salutelazio.it)
75;Lariano;ASL Roma 6;via Tevere, snc - 00076 Lariano (RM);00076;Lariano;RM;069 327 2107/2105;;Sì;02/07/2026;2MB;https://minio-vra-prod.servicelazio.it/fse-prod-001-bucket/6867804d509b83ff304fc5f7-application-1a2557a6-7996-4e30-8010-19cd626a05d5.pdf;41.726884329972;12.660155166367;Salute Lazio (salutelazio.it)
76;Genzano;ASL Roma 6;via Achille Grandi, snc - 00045 Genzano (RM) (presso Ex Ospedale De Santis);00045;Genzano;RM;06 9327 3623;;No;13/04/2026;417KB;https://minio-vra-prod.servicelazio.it/fse-prod-001-bucket/68545522509b83ff30526a2a-application-3a60d193-3fa2-49d8-b5c3-0492acc2fbfa.pdf;41.704149231935;12.678615641227;Salute Lazio (salutelazio.it)
77;Ariccia;ASL Roma 6;via delle Cerquette, 2 - 00040 Ariccia (RM) (presso ex ospedale Spolverini);00040;Ariccia;RM;06 9327 2804;;No;13/04/2026;231KB;https://minio-vra-prod.servicelazio.it/fse-prod-001-bucket/6867804d509b83ff304fc5f7-application-9258e332-ddb9-4c8d-b5dd-314c0f3e4e40.pdf;41.723595485531;12.675978583557;Salute Lazio (salutelazio.it)
78;Albano;ASL Roma 6;ex ospedale San Giuseppe, via Olivella km 1 - 00041 Albano Laziale (RM);00041;Albano Laziale;RM;06 93273375;;Non specificato;15/07/2026;400KB;https://minio-vra-prod.servicelazio.it/fse-prod-001-bucket/68545522509b83ff30526a2a-application-63ab9758-ae91-4971-af6a-62f3b60b9037.pdf;41.730146247108;12.645112563772;Salute Lazio (salutelazio.it)
79;Marino;ASL Roma 6;viale 24 Maggio Snc - 00047 Marino (RM);00047;Marino;RM;06 9327 4768;;Sì;28/07/2026;2MB;https://minio-vra-prod.servicelazio.it/fse-prod-001-bucket/6867804d509b83ff304fc5f7-application-6d80b72d-2ce6-4674-896a-af64506d59fc.pdf;;;Salute Lazio (salutelazio.it)
80;Nettuno;ASL Roma 6;piazza San Francesco, 1 - 00048 Nettuno (RM);00048;Nettuno;RM;06 9327 6439;;No;28/07/2026;258KB;https://minio-vra-prod.servicelazio.it/fse-prod-001-bucket/6867804d509b83ff304fc5f7-application-df925029-9262-478f-88f3-83c23e7b66af.pdf;;;Salute Lazio (salutelazio.it)
81;Anzio;ASL Roma 6;via Aldobrandini, 32 - 00042 Anzio (RM);00042;Anzio;RM;069 327 6368;;Sì;15/07/2026;315KB;https://minio-vra-prod.servicelazio.it/fse-prod-001-bucket/68545522509b83ff30526a2a-application-2775e5c8-7cb4-4c8a-9f90-4008586b8f90.pdf;;;Salute Lazio (salutelazio.it)
82;Pomezia;ASL Roma 6;via del Mare KM 19 - 00071 Loc. Macchiozza Pomezia (RM);00071;Macchiozza Pomezia;RM;06 9327 5026;;Sì;28/07/2026;6MB;https://minio-vra-prod.servicelazio.it/fse-prod-001-bucket/6867804d509b83ff304fc5f7-application-63d8d310-3fc6-4ab5-85d6-d1ce2786c17b.pdf;;;Salute Lazio (salutelazio.it)
83;Rocca Priora;ASL Roma 6;via Malpasso d'Acqua, 2 - 00079 Rocca Priora (RM);00079;Rocca Priora;RM;0693274501;;No;;;;41.795182175308;12.757551291297;Salute Lazio (salutelazio.it)
84;Bagnoregio;ASL Viterbo;viale Alfonso e Giovanni Agosti, 6 - 01022 Bagnoregio (VT);01022;Bagnoregio;VT;;;No;03/04/2026;1MB;https://minio-vra-prod.servicelazio.it/fse-prod-001-bucket/6867804d509b83ff304fc5f7-application-eb97dd10-72ed-4387-a9c4-421e7eaa0266.pdf;42.625743720615;12.100799581748;Salute Lazio (salutelazio.it)
85;Bolsena;ASL Viterbo;via IV Novembre snc. Bolsena (VT);;Bolsena;VT;0761 186 0357;;No;03/04/2026;3MB;https://minio-vra-prod.servicelazio.it/fse-prod-001-bucket/6867804d509b83ff304fc5f7-application-cd2f642c-710a-40ae-a3b2-850f449d3622.pdf;42.642653038088;11.989295024825;Salute Lazio (salutelazio.it)
86;Soriano nel Cimino;ASL Viterbo;via Innocenzo VIII, 73 - Soriano nel Cimino (VT);;Soriano nel Cimino;VT;0761 651 216;;No;28/05/2026;2MB;https://minio-vra-prod.servicelazio.it/fse-prod-001-bucket/6867804d509b83ff304fc5f7-application-1fcf6ae1-fed4-4fc9-9c68-23bec6887f6c.pdf;42.41972171887;12.234189812422;Salute Lazio (salutelazio.it)
87;Montefiascone;ASL Viterbo;via Donatori di Sangue, 19 - 01027 Montefiascone (VT);01027;Montefiascone;VT;0761 1860342;;Non specificato;08/07/2026;2MB;https://minio-vra-prod.servicelazio.it/fse-prod-001-bucket/6867804d509b83ff304fc5f7-application-972b8d09-6480-4fdd-9916-705f5100e4f4.pdf;42.535840572981;12.031402599734;Salute Lazio (salutelazio.it)
88;Ronciglione;ASL Viterbo;via dell'Ospedale ,17 - 01037 Ronciglione (VT);01037;Ronciglione;VT;761/651254;;Sì;13/07/2026;4MB;https://minio-vra-prod.servicelazio.it/fse-prod-001-bucket/6867804d509b83ff304fc5f7-application-664c03b8-846d-40c3-95c3-5fc5658656b3.pdf;42.292252;12.212642;Salute Lazio (salutelazio.it)
89;Tarquinia;ASL Viterbo;viale Igea, 1 - 01016 Tarquinia (VT);01016;Tarquinia;VT;0766/8462065;;Sì;13/07/2026;4MB;https://minio-vra-prod.servicelazio.it/fse-prod-001-bucket/6867804d509b83ff304fc5f7-application-0f64ae0d-af28-449d-9b29-785a34c5cf8a.pdf;42.250126350516;11.759228109326;Salute Lazio (salutelazio.it)
90;Frosinone;ASL Frosinone;viale Giuseppe Mazzini, 94 - 03100 Frosinone (FR);03100;Frosinone;FR;0775 207 2528;;Sì;;;;41.638530888527;13.346489802118;Salute Lazio (salutelazio.it)
91;Atina;ASL Frosinone;via Colle Melfa, 75 - 03042 Atina (FR);03042;Atina;FR;347 270 4443;;No;14/07/2026;609KB;https://minio-vra-prod.servicelazio.it/fse-prod-001-bucket/6867804d509b83ff304fc5f7-application-96eb2913-61ae-464f-9c44-171a592c4353.pdf;41.635315505689;13.783186113674;Salute Lazio (salutelazio.it)
92;Anagni;ASL Frosinone;Via Onorato Capo, 4 - 03012 Anagni (FR);03012;Anagni;FR;0775/7325259;;Sì;14/07/2026;652KB;https://minio-vra-prod.servicelazio.it/fse-prod-001-bucket/6867804d509b83ff304fc5f7-application-4db2491a-8a25-4a8a-a995-92dd6bd5113b.pdf;41.741370450377;13.162919399373;Salute Lazio (salutelazio.it)
93;Pontecorvo;ASL Frosinone;via San Giovanni Battista, 5 - 03037 Pontecorvo (FR);03037;Pontecorvo;FR;077 6769 3031;;Sì;14/07/2026;951KB;https://minio-vra-prod.servicelazio.it/fse-prod-001-bucket/6867804d509b83ff304fc5f7-application-a6ff8456-fb46-4055-8bd1-8a5cce39c4ea.pdf;41.459231561675;13.667399966174;Salute Lazio (salutelazio.it)
94;Ceprano;ASL Frosinone;viale regina Margherita, 5 - 03024 Ceprano (FR);03024;Ceprano;FR;0775 8821;;Sì;;;;41.544793;13.518587;Salute Lazio (salutelazio.it)
95;Fiuggi;ASL Frosinone;Piazza Martiri di Nassiriya, 03014 Fiuggi (FR).;03014;Fiuggi;FR;;;Sì;10/08/2026;819KB;https://minio-vra-prod.servicelazio.it/fse-prod-001-bucket/68545522509b83ff30526a2a-application-d419bc48-52d9-4b37-b5ec-c23123624f5b.pdf;;;Salute Lazio (salutelazio.it)
96;Ferentino;ASL Frosinone;piazza dell'Ospizio, 1 - 03013 Ferentino (FR);03013;Ferentino;FR;0775 244 653;;Sì;;;;41.690631;13.255682;Salute Lazio (salutelazio.it)
97;Formia;ASL Latina;via Santa Maria La Noce - 04023 Formia (LT) - Te. PUA: 077 177 9001;04023;Formia;LT;;;No;13/04/2026;505KB;https://minio-vra-prod.servicelazio.it/fse-prod-001-bucket/6867804d509b83ff304fc5f7-application-d934d4cb-94d4-4405-a0a3-5fcf3c7704ce.pdf;41.262615778607;13.593961925866;Salute Lazio (salutelazio.it)
98;Gaeta;ASL Latina;Salita Cappuccini - 04024 Gaeta (LT);04024;Gaeta;LT;;;No;13/04/2026;926KB;https://minio-vra-prod.servicelazio.it/fse-prod-001-bucket/6867804d509b83ff304fc5f7-application-bdf4f992-dece-447d-b562-2ac5aee75b70.pdf;41.22084120683177;13.566988872396596;Salute Lazio (salutelazio.it)
99;Aprilia;ASL Latina;via Giustiniano - 04011 Aprilia (LT);04011;Aprilia;LT;06 928634092 / 06 928634008;;No;22/07/2026;794KB;https://minio-vra-prod.servicelazio.it/fse-prod-001-bucket/6867804d509b83ff304fc5f7-application-bda5724f-f696-417b-8e62-6daa58953be6.pdf;41.587410572138;12.650156025066;Salute Lazio (salutelazio.it)
100;Borgo Sabotino;ASL Latina;Strada Foce Verde - 04100 Borgo Sabotino (LT);04100;Borgo Sabotino;LT;;;No;22/07/2026;260KB;https://minio-vra-prod.servicelazio.it/fse-prod-001-bucket/6867804d509b83ff304fc5f7-application-ee4fba0b-8234-47d6-af3b-4a4caaba5680.pdf;;;Salute Lazio (salutelazio.it)
101;Cisterna di Latina;ASL Latina;viale Adriatico - Cisterna di Latina (LT);;Cisterna di Latina;LT;06 96025441;puad.distretto1@ausl.latina.it;Sì;22/07/2026;392KB;https://minio-vra-prod.servicelazio.it/fse-prod-001-bucket/6867804d509b83ff304fc5f7-application-fa079409-960b-46ca-8265-f2233096ce7b.pdf;41.635315505689;13.783186113674;Salute Lazio (salutelazio.it)
102;Minturno;ASL Latina;viale degli Eroi - 04026 Minturno (LT);04026;Minturno;LT;077 177 9001;cdcminturno@ausl.latina.it;Sì;22/07/2026;516KB;https://minio-vra-prod.servicelazio.it/fse-prod-001-bucket/6867804d509b83ff304fc5f7-application-a9cdcaa0-d1f4-45de-834b-7fc252ee2242.pdf;41.262356061518;13.742759061945;Salute Lazio (salutelazio.it)
103;Circeo;ASL Latina;via Raffaele Risaliti - 04017 San Felice Circeo (LT);04017;San Felice Circeo;LT;;;No;22/07/2026;581KB;https://minio-vra-prod.servicelazio.it/fse-prod-001-bucket/6867804d509b83ff304fc5f7-application-6722d6de-7285-4523-af63-0ca4d5e249d3.pdf;41.2451913;13.0762914;Salute Lazio (salutelazio.it)
104;Santi Cosma e Damiano;ASL Latina;via Risorgimento - 04020 Santi Cosma e Damiano (LT);04020;Santi Cosma e Damiano;LT;0771 606 8370;;Sì;22/07/2026;985KB;https://minio-vra-prod.servicelazio.it/fse-prod-001-bucket/6867804d509b83ff304fc5f7-application-13b3df50-3008-4db9-93e1-9b16f96e3a0e.pdf;;;Salute Lazio (salutelazio.it)
105;Sezze;ASL Latina;via San Bartolomeo - 04010 Sezze (LT);04010;Sezze;LT;0773 801 642;;Sì;22/07/2026;934KB;https://minio-vra-prod.servicelazio.it/fse-prod-001-bucket/6867804d509b83ff304fc5f7-application-60f2c947-5cca-4605-9919-b8934364793a.pdf;41.499723;13.062315;Salute Lazio (salutelazio.it)
106;Sperlonga;ASL Latina;via Roma - 04029 Sperlonga (LT);04029;Sperlonga;LT;;;Sì;22/07/2026;985KB;https://minio-vra-prod.servicelazio.it/fse-prod-001-bucket/6867804d509b83ff304fc5f7-application-2f229762-2bf6-4265-bd71-c5f5582650dd.pdf;;;Salute Lazio (salutelazio.it)
107;Terracina;ASL Latina;via San Francesco - 04019 Terracina (LT);04019;Terracina;LT;0773 505 980;;Sì;22/07/2026;985KB;https://minio-vra-prod.servicelazio.it/fse-prod-001-bucket/6867804d509b83ff304fc5f7-application-c222e66c-7842-4604-8e4d-72b097121694.pdf;;;Salute Lazio (salutelazio.it)
