_id,CODICE,ISTITUTO,TIPO,COMUNE,ASL,DATA,STATO_IN_PS,ROSSI_ATT,GIALLI_ATT,VERDI_ATT,BIANCHI_ATT,NONESEG_ATT,TOT_ATT,STATO_IN_PS1,ROSSI_TRATT,GIALLI_TRATT,VERDI_TRATT,BIANCHI_TRATT,NONESEG_TRATT,TOT_TRATT,STATO_IN_PS2,ROSSI_OB,GIALLI_OB,VERDI_OB,BIANCHI_OB,TOT_OB,TOT_RT,TUTTI,Latitudine,Longitudine
1,92000,Pol. Univ. Tor Vergata,DEA I,Roma,RM2,2021-07-15T16:58:00,ATTESA,0,2,22,0,1,25,TRATTAMENTO,2,15,31,0,0,48,OSSERVAZIONE_BREVE,3,5,2,0,10,32,115,184.37.00,117.22.00
2,91900,Sant'Andrea,DEA I,Roma,RM1,2021-07-15T16:58:00,ATTESA,1,1,3,0,0,5,TRATTAMENTO,3,17,13,0,0,33,OSSERVAZIONE_BREVE,0,0,2,0,2,33,73,202.48.00,86.57.00
3,91500,Campus Biomedico,DEA I,Roma,RM2,2021-07-15T16:58:00,ATTESA,0,0,2,0,0,2,TRATTAMENTO,0,0,13,0,0,13,OSSERVAZIONE_BREVE,0,1,1,0,2,4,21,169.06.00,89.13.00
4,90600,Pol. Univ. Umberto I,DEA II,Roma,RM1,2021-07-15T16:58:00,ATTESA,0,1,17,4,0,22,TRATTAMENTO,7,11,17,1,0,36,OSSERVAZIONE_BREVE,0,0,0,0,0,55,113,192.04.00,97.17.00
5,90501,Pol. Univ. A. Gemelli,DEA II,Roma,RM1,2021-07-15T16:58:00,ATTESA,0,0,11,0,0,11,TRATTAMENTO,3,11,39,0,0,53,OSSERVAZIONE_BREVE,0,5,11,0,16,61,141,196.03.00,83.34.00
6,90302,Bambino Gesu' Palidoro,DEA I,Palidoro,RM3,2021-07-15T16:58:00,ATTESA,0,1,5,0,0,6,TRATTAMENTO,0,3,9,0,0,12,OSSERVAZIONE_BREVE,0,2,1,0,3,0,21,193.41.00,43.09.00
7,90301,Bambino Gesu',DEA II,Roma,RM1,2021-07-15T16:58:00,ATTESA,0,1,7,0,1,9,TRATTAMENTO,1,13,11,0,0,25,OSSERVAZIONE_BREVE,0,1,2,0,3,5,42,190.38.00,88.48.00
8,90103,San Giovanni Addolorata,DEA II,Roma,RM1,2021-07-15T16:58:00,ATTESA,0,0,5,1,1,7,TRATTAMENTO,1,18,36,0,0,55,OSSERVAZIONE_BREVE,3,7,3,0,13,31,106,188.44.00,96.10.00
9,90102,San Camillo-Forlanini,DEA II,Roma,RM3,2021-07-15T16:58:00,ATTESA,0,3,10,1,0,14,TRATTAMENTO,4,22,33,0,1,60,OSSERVAZIONE_BREVE,5,4,2,0,11,62,147,186.22.00,88.01.00
10,90101,Policlinico Casilino,DEA I,Roma,RM2,2021-07-15T16:58:00,ATTESA,0,0,12,0,1,13,TRATTAMENTO,1,13,44,0,0,58,OSSERVAZIONE_BREVE,0,6,3,0,9,33,113,186.06.00,108.07.00
11,90001,San Filippo Neri,DEA I,Roma,RM1,2021-07-15T16:58:00,ATTESA,0,2,10,3,3,18,TRATTAMENTO,1,11,12,0,0,24,OSSERVAZIONE_BREVE,0,1,4,0,5,30,77,198.05.00,82.31.00
12,180001,Belcolle,DEA I,Viterbo,VT,2021-07-15T16:58:00,ATTESA,0,1,13,0,2,16,TRATTAMENTO,3,7,12,0,0,22,OSSERVAZIONE_BREVE,1,3,0,0,4,13,55,111.32.00,33.29.00
13,120101,Sandro Pertini,DEA I,Roma,RM2,2021-07-15T16:58:00,ATTESA,0,2,25,0,2,29,TRATTAMENTO,1,7,14,0,0,22,OSSERVAZIONE_BREVE,1,5,0,0,6,36,93,194.34.00,102.47.00
14,101103,Santa Scolastica,DEA I,Cassino,FR,2021-07-15T16:58:00,ATTESA,0,1,9,4,0,14,TRATTAMENTO,0,7,22,0,0,29,OSSERVAZIONE_BREVE,0,1,1,0,2,11,56,122.23.00,151.14.00
15,101102,Santissima Trinita',DEA I,Sora,FR,2021-07-15T16:58:00,ATTESA,0,3,9,0,0,12,TRATTAMENTO,0,4,7,0,0,11,OSSERVAZIONE_BREVE,0,2,1,0,3,10,36,160.21.00,114.07.00
16,101101,San Benedetto,PS,Alatri,FR,2021-07-15T16:58:00,ATTESA,0,0,7,1,0,8,TRATTAMENTO,0,3,4,0,0,7,OSSERVAZIONE_BREVE,1,3,0,0,4,6,25,161.58.00,70.22.00
17,100101,F. Spaziani,DEA I,Frosinone,FR,2021-07-15T16:58:00,ATTESA,0,1,19,0,0,20,TRATTAMENTO,0,7,9,0,0,16,OSSERVAZIONE_BREVE,0,12,0,0,12,30,78,147.09.00,68.25.00
18,91300,Citta' di Aprilia,PS,Aprilia,LT,2021-07-15T16:58:00,ATTESA,0,0,14,0,0,14,TRATTAMENTO,0,5,15,1,0,21,OSSERVAZIONE_BREVE,0,1,0,0,1,1,37,140.16.00,120.09.00
19,101401,Dono Svizzero,DEA I,Formia,LT,2021-07-15T16:58:00,ATTESA,0,0,15,0,0,15,TRATTAMENTO,0,4,9,0,0,13,OSSERVAZIONE_BREVE,1,2,3,0,6,7,41,84.06.00,115.13.00
20,100701,San Giovanni di Dio,PS,Fondi,LT,2021-07-15T16:58:00,ATTESA,0,1,2,0,0,3,TRATTAMENTO,0,0,1,0,0,1,OSSERVAZIONE_BREVE,0,0,0,0,0,3,7,100.16.00,82.41.00
21,100601,A. Fiorini,PS,Terracina,LT,2021-07-15T16:58:00,ATTESA,0,3,4,0,1,8,TRATTAMENTO,0,4,8,0,0,12,OSSERVAZIONE_BREVE,0,0,0,0,0,6,26,89.37.00,52.46.00
22,100401,Santa Maria Goretti,DEA II,Latina,LT,2021-07-15T16:58:00,ATTESA,0,4,20,1,1,26,TRATTAMENTO,0,19,25,0,0,44,OSSERVAZIONE_BREVE,1,16,0,0,17,29,116,117.52.00,163.34.00
23,91200,Aurelia Hospital,DEA I,Roma,RM1,2021-07-15T16:58:00,ATTESA,0,1,9,0,0,10,TRATTAMENTO,0,3,10,0,0,13,OSSERVAZIONE_BREVE,0,1,1,0,2,11,36,190.38.00,79.22.00
24,91000,Madre G. Vannini,DEA I,Roma,RM2,2021-07-15T16:58:00,ATTESA,0,1,9,1,0,11,TRATTAMENTO,0,14,7,0,0,21,OSSERVAZIONE_BREVE,0,3,5,0,8,22,62,188.22.00,102.11.00
25,90900,Cristo Re,DEA I,Roma,RM1,2021-07-15T16:58:00,ATTESA,0,2,5,1,1,9,TRATTAMENTO,0,3,14,0,0,17,OSSERVAZIONE_BREVE,0,4,0,0,4,9,39,193.47.00,82.22.00
26,90800,San Carlo di Nancy,DEA I,Roma,RM1,2021-07-15T16:58:00,ATTESA,0,1,5,0,1,7,TRATTAMENTO,1,3,9,0,0,13,OSSERVAZIONE_BREVE,1,2,0,0,3,10,33,190.46.00,85.51.00
27,90702,San Giovanni Calibita-FBF,DEA I,Roma,RM1,2021-07-15T16:58:00,ATTESA,0,0,4,0,1,5,TRATTAMENTO,1,8,13,0,0,22,OSSERVAZIONE_BREVE,2,7,10,0,19,16,62,189.17.00,91.49.00
28,90701,San Pietro-FBF,DEA I,Roma,RM1,2021-07-15T16:58:00,ATTESA,0,1,9,0,3,13,TRATTAMENTO,1,13,11,1,0,26,OSSERVAZIONE_BREVE,0,4,3,0,7,21,67,200.27.00,87.50.00
29,120202,C.T.O. Andrea Alesini,PS,Roma,RM2,2021-07-15T16:58:00,ATTESA,0,0,13,0,1,14,TRATTAMENTO,0,7,12,0,0,19,OSSERVAZIONE_BREVE,0,0,2,0,2,2,37,182.57.00,92.39.00
30,120201,Sant'Eugenio,DEA II,Roma,RM2,2021-07-15T16:58:00,ATTESA,0,1,7,0,0,8,TRATTAMENTO,1,9,18,0,0,28,OSSERVAZIONE_BREVE,2,7,7,0,16,35,87,178.47.00,89.58.00
31,120401,G. Battista Grassi,DEA I,Roma,RM3,2021-07-15T16:58:00,ATTESA,0,1,5,0,0,6,TRATTAMENTO,0,13,10,0,0,23,OSSERVAZIONE_BREVE,0,5,2,0,7,25,61,163.16.00,60.23.00
32,120501,Padre Pio,PS,Bracciano,RM4,2021-07-15T16:58:00,ATTESA,0,0,3,0,0,3,TRATTAMENTO,0,0,4,0,0,4,OSSERVAZIONE_BREVE,0,1,2,0,3,2,12,58.48.00,41.24.00
33,120901,San Giovanni Evangelista,DEA I,Tivoli,RM5,2021-07-15T16:58:00,ATTESA,0,5,21,1,2,29,TRATTAMENTO,1,12,9,0,0,22,OSSERVAZIONE_BREVE,1,2,1,0,4,20,75,201.58.00,145.01.00
34,121001,A. Angelucci,PS,Subiaco,RM5,2021-07-15T16:58:00,ATTESA,0,0,1,0,0,1,TRATTAMENTO,0,1,1,0,0,2,OSSERVAZIONE_BREVE,0,1,1,0,2,3,8,195.21.00,28.31.00
35,121101,Coniugi Bernardini,PS,Palestrina,RM5,2021-07-15T16:58:00,ATTESA,0,0,4,1,1,6,TRATTAMENTO,0,4,2,0,0,6,OSSERVAZIONE_BREVE,0,2,1,0,3,9,24,181.06.00,161.02.00
36,120701,Santissimo Gonfalone,PS,Monterotondo,RM5,2021-07-15T16:58:00,ATTESA,0,0,2,0,0,2,TRATTAMENTO,0,1,5,0,0,6,OSSERVAZIONE_BREVE,0,3,0,0,3,10,21,52.28.00,115.45.00
37,121201,L. Parodi Delfino,PS,Colleferro,RM5,2021-07-15T16:58:00,ATTESA,0,0,2,0,0,2,TRATTAMENTO,0,1,2,0,0,3,OSSERVAZIONE_BREVE,0,0,1,0,1,7,13,162.29.00,13.31
38,120601,San Paolo,DEA I,Civitavecchia,RM4,2021-07-15T16:58:00,ATTESA,0,0,3,0,1,4,TRATTAMENTO,0,4,7,0,0,11,OSSERVAZIONE_BREVE,0,0,1,0,1,7,23,59.02.00,144.45.00
39,120102,Oftalmico,PS,Roma,RM1,2021-07-15T16:58:00,ATTESA,0,0,16,1,0,17,TRATTAMENTO,0,2,7,0,0,9,OSSERVAZIONE_BREVE,0,0,0,0,0,0,26,192.23.00,86.32.00
40,120104,Santo Spirito,DEA I,Roma,RM1,2021-07-15T16:58:00,ATTESA,0,1,3,0,1,5,TRATTAMENTO,0,1,6,0,0,7,OSSERVAZIONE_BREVE,1,2,1,0,4,13,29,191.22.00,89.02.00
41,110101,San Camillo De Lellis,DEA I,Rieti,RI,2021-07-15T16:58:00,ATTESA,0,1,8,0,0,9,TRATTAMENTO,0,1,7,0,0,8,OSSERVAZIONE_BREVE,0,3,2,0,5,10,32,111.32.00,153.54.00
42,180301,Ospedale Civile,PS,Tarquinia,VT,2021-07-15T16:58:00,ATTESA,0,0,1,0,0,1,TRATTAMENTO,0,3,4,0,0,7,OSSERVAZIONE_BREVE,0,0,0,0,0,4,12,83.12.00,137.23.00
43,92300,Sant'Anna,PS,Pomezia,RM6,2021-07-15T16:58:00,ATTESA,0,0,13,0,0,13,TRATTAMENTO,0,1,3,0,0,4,OSSERVAZIONE_BREVE,0,0,0,0,0,0,17,152.43.00,95.42.00
44,121501,P. Colombo,PS,Velletri,RM6,2021-07-15T16:58:00,ATTESA,0,2,15,0,0,17,TRATTAMENTO,0,5,6,0,0,11,OSSERVAZIONE_BREVE,0,1,0,0,1,10,39,155.02.00,141.41.00
45,121301,San Sebastiano Martire,PS,Frascati,RM6,2021-07-15T16:58:00,ATTESA,0,0,2,0,0,2,TRATTAMENTO,0,3,5,0,0,8,OSSERVAZIONE_BREVE,0,5,1,0,6,17,33,176.03.00,125.09.00
46,180201,Andosilla,PS,Civitacastellana,VT,2021-07-15T16:58:00,ATTESA,0,0,2,0,0,2,TRATTAMENTO,0,1,5,0,0,6,OSSERVAZIONE_BREVE,0,0,0,0,0,5,13,91.35.00,80.56.00
47,180401,Ospedale Civile,PS,Acquapendente,VT,2021-07-15T16:58:00,ATTESA,0,0,0,0,0,0,TRATTAMENTO,0,0,2,0,0,2,OSSERVAZIONE_BREVE,0,0,0,0,0,2,4,165.45.00,155.41.00
48,121402,Ospedale dei Castelli,DEA I,Ariccia,RM6,2021-07-15T16:58:00,ATTESA,0,2,30,0,0,32,TRATTAMENTO,0,5,19,0,0,24,OSSERVAZIONE_BREVE,1,3,0,0,4,19,79,162.23.00,123.21.00
49,121601,Ospedali Riuniti,DEA I,Anzio,RM6,2021-07-15T16:58:00,ATTESA,0,1,10,0,2,13,TRATTAMENTO,0,11,10,0,0,21,OSSERVAZIONE_BREVE,1,7,0,0,8,25,67,116.50.00,116.18.00